"code","name"
"BO7GTF","ferrovit"
"L7NAR3","ferrovit"
"3U5WAC","ferrovit"
"5P7BNT","ferrovit"
"00FEJ8","ferrovit"
"0LXH3V","ferrovit"
"VI2YLQ","ferrovit"
"43VWMO","ferrovit"
"FE4608","ferrovit"
"1RNVKY","ferrovit"
"N0OQJB","ferrovit"
"IVFVZH","ferrovit"
"MQ7OPJ","ferrovit"
"ZECFOX","ferrovit"
"3PGK50","ferrovit"
"YXEU8Q","ferrovit"
"FTW89H","ferrovit"
"E5G3VN","ferrovit"
"8IBLQW","ferrovit"
"9D9DLB","ferrovit"
"SPSOFM","ferrovit"
"VWA44R","ferrovit"
"MOTOXW","ferrovit"
"XSBFFR","ferrovit"
"4YSL1X","ferrovit"
"ADZDSF","ferrovit"
"X65B3H","ferrovit"
"F6R5E5","ferrovit"
"2WDIAQ","ferrovit"
"W5YUU1","ferrovit"
"X4HTZX","ferrovit"
"RLWA5R","ferrovit"
"AZOSHZ","ferrovit"
"YCY4SU","ferrovit"
"OZVXKA","ferrovit"
"05IVDX","ferrovit"
"NP35F1","ferrovit"
"GMY0FP","ferrovit"
"PPOECM","ferrovit"
"06ZUK6","ferrovit"
"RFE7IL","ferrovit"
"BJXNU3","ferrovit"
"8Y0KDC","ferrovit"
"BJG9WM","ferrovit"
"O4HS2N","ferrovit"
"D61RHY","ferrovit"
"3RE9N4","ferrovit"
"IGZ75J","ferrovit"
"2TPGGE","ferrovit"
"D8YL3Y","ferrovit"
"Q1JY8J","ferrovit"
"SC4NU9","ferrovit"
"AFU4GP","ferrovit"
"GCRZWJ","ferrovit"
"O8NZOZ","ferrovit"
"QV1KY3","ferrovit"
"PQZZUF","ferrovit"
"WMSHDH","ferrovit"
"MMLNXE","ferrovit"
"VXUW1B","ferrovit"
"1SDOL4","ferrovit"
"6SMNM0","ferrovit"
"JW5OOH","ferrovit"
"Y49WCV","ferrovit"
"RVOTVK","ferrovit"
"7WRGAA","ferrovit"
"11O2AY","ferrovit"
"6F6C3Z","ferrovit"
"UGG03Y","ferrovit"
"BAQEZ7","ferrovit"
"ZHKU1D","ferrovit"
"P2KA7D","ferrovit"
"CWOVQU","ferrovit"
"2BS691","ferrovit"
"KIQUXC","ferrovit"
"JBUN4R","ferrovit"
"EZAJY3","ferrovit"
"0OA7TO","ferrovit"
"A5STQ3","ferrovit"
"SR4ZBX","ferrovit"
"OFA18V","ferrovit"
"ZBMJGB","ferrovit"
"I2XVNP","ferrovit"
"0UDVZI","ferrovit"
"H03L2W","ferrovit"
"J8WJDM","ferrovit"
"V777H5","ferrovit"
"TF7IEA","ferrovit"
"M2QBV9","ferrovit"
"UPAUJN","ferrovit"
"1KAZ4L","ferrovit"
"IS7M4P","ferrovit"
"B3EJ46","ferrovit"
"2XXTF9","ferrovit"
"WH9LX8","ferrovit"
"VWAT61","ferrovit"
"7DFVUV","ferrovit"
"CRQQ21","ferrovit"
"IYNZU1","ferrovit"
"JQTIQJ","ferrovit"
"7KD4Z2","ferrovit"
"0V6I6C","ferrovit"
"EJYOJW","ferrovit"
"RPIPUF","ferrovit"
"VT2V70","ferrovit"
"4KVAI6","ferrovit"
"FUR9XE","ferrovit"
"NHBYXX","ferrovit"
"4PAIIP","ferrovit"
"6Y8TJ8","ferrovit"
"EPZWPC","ferrovit"
"HKOA5H","ferrovit"
"TIBMC5","ferrovit"
"XIBWHJ","ferrovit"
"10M0T2","ferrovit"
"JTGEBJ","ferrovit"
"FO6QYU","ferrovit"
"AS0MQ9","ferrovit"
"WZ27WL","ferrovit"
"M7OP6D","ferrovit"
"NDOHX5","ferrovit"
"EHZWG2","ferrovit"
"95KWEY","ferrovit"
"BO46ZC","ferrovit"
"ZNLY6K","ferrovit"
"9T1N6R","ferrovit"
"KVT4RD","ferrovit"
"83PVKY","ferrovit"
"JF0AZT","ferrovit"
"KY8A10","ferrovit"
"8S6HTQ","ferrovit"
"ZPX4T0","ferrovit"
"O5RENM","ferrovit"
"HYD3UI","ferrovit"
"017YIU","ferrovit"
"4TBA03","ferrovit"
"698OWP","ferrovit"
"UW2BW7","ferrovit"
"ED049A","ferrovit"
"IDBC2R","ferrovit"
"NU3LVB","ferrovit"
"Y0F4PM","ferrovit"
"Y2Z2UO","ferrovit"
"HATJXW","ferrovit"
"NUQ5PK","ferrovit"
"A5WWXH","ferrovit"
"CCPIBV","ferrovit"
"UG5XH4","ferrovit"
"EO0205","ferrovit"
"U2N9ES","ferrovit"
"YAXN35","ferrovit"
"3OXYRI","ferrovit"
"9O5N3D","ferrovit"
"91INY4","ferrovit"
"KDH7DR","ferrovit"
"83NUEB","ferrovit"
"R3F13D","ferrovit"
"D1HE1T","ferrovit"
"OVWC3R","ferrovit"
"2FTTPA","ferrovit"
"180EIN","ferrovit"
"QLUFMT","ferrovit"
"6H6LTY","ferrovit"
"76KEFW","ferrovit"
"Y0XGV7","ferrovit"
"71PYDQ","ferrovit"
"4IDA89","ferrovit"
"P79F8W","ferrovit"
"5BQ4DP","ferrovit"
"BGK7WS","ferrovit"
"YKK6FB","ferrovit"
"PMTUK2","ferrovit"
"XGKSN7","ferrovit"
"XRSJAX","ferrovit"
"0V7SPJ","ferrovit"
"VLFVWA","ferrovit"
"OTDH5H","ferrovit"
"U71T4T","ferrovit"
"LRBX9W","ferrovit"
"BPV9A4","ferrovit"
"ZW77WG","ferrovit"
"08NL0L","ferrovit"
"O3M51F","ferrovit"
"JFN3RW","ferrovit"
"31N80R","ferrovit"
"K0G9GZ","ferrovit"
"5GQ8P2","ferrovit"
"EI40PL","ferrovit"
"7LWRAF","ferrovit"
"BDO5DQ","ferrovit"
"0A95O5","ferrovit"
"6LRZMH","ferrovit"
"F98HYO","ferrovit"
"S7RB9N","ferrovit"
"309C43","ferrovit"
"G6ZITG","ferrovit"
"L7MQ3W","ferrovit"
"T2UYY7","ferrovit"
"O9W1NR","ferrovit"
"KO71SI","ferrovit"
"SCXPYK","ferrovit"
"1ZXB25","ferrovit"
"KCP9ZE","ferrovit"
"4D2NK4","ferrovit"
"3ZW90D","ferrovit"
"USPMI8","ferrovit"
"MU4WCT","ferrovit"
"5TVTOZ","ferrovit"
"O3OPYX","ferrovit"
"UVY6SU","ferrovit"
"MZHP1Q","ferrovit"
"UTV9TI","ferrovit"
"JSIAAL","ferrovit"
"37TQK5","ferrovit"
"I3L49I","ferrovit"
"DOJACE","ferrovit"
"KI4L30","ferrovit"
"4M9O2S","ferrovit"
"4FV483","ferrovit"
"LVNORB","ferrovit"
"7G2BGM","ferrovit"
"V3IQRN","ferrovit"
"CUOIK3","ferrovit"
"N4IOBO","ferrovit"
"IW6E7H","ferrovit"
"39ZV9F","ferrovit"
"SPD20H","ferrovit"
"JN212U","ferrovit"
"NVO8C0","ferrovit"
"GBPK0C","ferrovit"
"7A9U51","ferrovit"
"FGWJ40","ferrovit"
"OH2L9G","ferrovit"
"E8W0N1","ferrovit"
"F8J2LY","ferrovit"
"34M2FR","ferrovit"
"EIJG3N","ferrovit"
"8HTMJF","ferrovit"
"OBQ9PZ","ferrovit"
"50XOL6","ferrovit"
"PNB12D","ferrovit"
"05QXNF","ferrovit"
"JG9JWD","ferrovit"
"99VCQB","ferrovit"
"C89UWV","ferrovit"
"BHGG52","ferrovit"
"5EPD05","ferrovit"
"QU5SHC","ferrovit"
"9XSDTI","ferrovit"
"RJ2QQO","ferrovit"
"HGHU2O","ferrovit"
"RXH3RT","ferrovit"
"KQN1RL","ferrovit"
"670YHZ","ferrovit"
"5T65MO","ferrovit"
"UNQ1ZY","ferrovit"
"5Y9NRM","ferrovit"
"HKNFSS","ferrovit"
"X14AI4","ferrovit"
"6S0SJV","ferrovit"
"NVPKDL","ferrovit"
"9321EQ","ferrovit"
"J9MZK1","ferrovit"
"60T99K","ferrovit"
"J9WNXI","ferrovit"
"MAGU3H","ferrovit"
"OI5DJJ","ferrovit"
"1XUY4F","ferrovit"
"VO5RMH","ferrovit"
"45L9C9","ferrovit"
"FFME9F","ferrovit"
"NCHV87","ferrovit"
"PNI45I","ferrovit"
"OUK6B1","ferrovit"
"VFFMD1","ferrovit"
"76KCVE","ferrovit"
"AR3WPD","ferrovit"
"O2Z51Z","ferrovit"
"YUVB7Y","ferrovit"
"OCG6FI","ferrovit"
"5799FX","ferrovit"
"RTF6O6","ferrovit"
"FD810Q","ferrovit"
"M12ADV","ferrovit"
"JEIK0K","ferrovit"
"VV01IT","ferrovit"
"HKSIMO","ferrovit"
"52DYQW","ferrovit"
"ZLIQ2G","ferrovit"
"NMLHEM","ferrovit"
"BGST4E","ferrovit"
"POJOW7","ferrovit"
"RI3LD9","ferrovit"
"YAJWCL","ferrovit"
"00HUW3","ferrovit"
"SGHI84","ferrovit"
"AWMW89","ferrovit"
"N38HE3","ferrovit"
"GNSN2R","ferrovit"
"F36IXF","ferrovit"
"1SYAUS","ferrovit"
"027M55","ferrovit"
"1DLR0H","ferrovit"
"GZ3ZHN","ferrovit"
"4X387O","ferrovit"
"O6GJN3","ferrovit"
"GCIRQQ","ferrovit"
"VDRWWO","ferrovit"
"L1A5JX","ferrovit"
"0IDBZD","ferrovit"
"IPVPV4","ferrovit"
"EDIKO3","ferrovit"
"CQQC8B","ferrovit"
"MQKMP9","ferrovit"
"4ARZOB","ferrovit"
"T0XQHI","ferrovit"
"777433","ferrovit"
"6X3OZF","ferrovit"
"UMEJC8","ferrovit"
"ZUO3RK","ferrovit"
"RS809Z","ferrovit"
"XHIP6G","ferrovit"
"PHZL2U","ferrovit"
"34M7QQ","ferrovit"
"HZHSR3","ferrovit"
"776NL6","ferrovit"
"7LT7RQ","ferrovit"
"GJ9M6K","ferrovit"
"QIUDCI","ferrovit"
"XOG6RX","ferrovit"
"5Q54DE","ferrovit"
"P3GFR6","ferrovit"
"2Y1Z4C","ferrovit"
"SM4E0A","ferrovit"
"C7MAQ9","ferrovit"
"VWMOK4","ferrovit"
"VBLZS4","ferrovit"
"JDC5JT","ferrovit"
"U72YKF","ferrovit"
"BU7UDC","ferrovit"
"TFAX0O","ferrovit"
"9EKEEP","ferrovit"
"YCHCS9","ferrovit"
"VA5V17","ferrovit"
"CIT3U1","ferrovit"
"D197BU","ferrovit"
"DMQSQH","ferrovit"
"ORYDCT","ferrovit"
"2H3E3Z","ferrovit"
"XLQU91","ferrovit"
"3QE1QC","ferrovit"
"8B6QQP","ferrovit"
"O3ZCR2","ferrovit"
"P69P4O","ferrovit"
"DF6YI7","ferrovit"
"5V70VE","ferrovit"
"KGY4B8","ferrovit"
"AJEE38","ferrovit"
"8XYD4S","ferrovit"
"WHZ2PX","ferrovit"
"GROS79","ferrovit"
"AQ0A0L","ferrovit"
"1WE9VC","ferrovit"
"EQGTIN","ferrovit"
"Y0B0PP","ferrovit"
"L9WESJ","ferrovit"
"GB89ND","ferrovit"
"G7S3M2","ferrovit"
"JZMWTR","ferrovit"
"SFN3ZP","ferrovit"
"ZI9X2K","ferrovit"
"DA9IPY","ferrovit"
"0CNC9P","ferrovit"
"81OQRJ","ferrovit"
"R8NSFD","ferrovit"
"FGHHPS","ferrovit"
"K5W60U","ferrovit"
"K4DJHY","ferrovit"
"7DI9SD","ferrovit"
"04L902","ferrovit"
"A4IZHJ","ferrovit"
"U2WC1S","ferrovit"
"P0JBAN","ferrovit"
"H2BPTA","ferrovit"
"Q6B7NA","ferrovit"
"ADC5QM","ferrovit"
"MRPIFF","ferrovit"
"ARSEB1","ferrovit"
"NQTR25","ferrovit"
"0JIWJE","ferrovit"
"5U9Y1G","ferrovit"
"69IAZC","ferrovit"
"05LJU0","ferrovit"
"9JROL0","ferrovit"
"H5DF1J","ferrovit"
"ZD3VW1","ferrovit"
"NAD3YV","ferrovit"
"F02J6O","ferrovit"
"Y30ULC","ferrovit"
"NWHISX","ferrovit"
"9139H6","ferrovit"
"L3OWQA","ferrovit"
"OMAZ2A","ferrovit"
"G8KIDI","ferrovit"
"0MSHZ6","ferrovit"
"30VEIW","ferrovit"
"BLV87R","ferrovit"
"I8Y9X2","ferrovit"
"2PXOLB","ferrovit"
"KNNYH3","ferrovit"
"8WHM7P","ferrovit"
"L9QPSO","ferrovit"
"3T8RNH","ferrovit"
"UA08Y8","ferrovit"
"JU8GMS","ferrovit"
"AM93KN","ferrovit"
"2NJOPS","ferrovit"
"HA3X5G","ferrovit"
"D8RPCP","ferrovit"
"A01W00","ferrovit"
"SN77DR","ferrovit"
"HC9Y0D","ferrovit"
"1UM6ER","ferrovit"
"9NK5SR","ferrovit"
"15GE5I","ferrovit"
"NYBYPY","ferrovit"
"KVS6YX","ferrovit"
"IGK4ZP","ferrovit"
"Z9YVYB","ferrovit"
"OVZFPA","ferrovit"
"Q14CVJ","ferrovit"
"D8R6DS","ferrovit"
"09RJ8I","ferrovit"
"SXAOM3","ferrovit"
"3A9RLS","ferrovit"
"YLPAFR","ferrovit"
"34D6XM","ferrovit"
"AJMAH0","ferrovit"
"EVEXXG","ferrovit"
"AL65AS","ferrovit"
"BQKFZ3","ferrovit"
"AS4KH5","ferrovit"
"18OWQ8","ferrovit"
"2QIWHO","ferrovit"
"ZDOBVL","ferrovit"
"9ON97E","ferrovit"
"TY6ANV","ferrovit"
"DMRO4S","ferrovit"
"969R1C","ferrovit"
"RQ5A4X","ferrovit"
"HFXNOA","ferrovit"
"LILFTA","ferrovit"
"A2YSTB","ferrovit"
"TPKLKF","ferrovit"
"X4O32K","ferrovit"
"TRB6D9","ferrovit"
"VT8F4O","ferrovit"
"RKKE64","ferrovit"
"F60V63","ferrovit"
"RIFZUB","ferrovit"
"VXVOPY","ferrovit"
"SUNO5I","ferrovit"
"TR3DR0","ferrovit"
"MWH2SY","ferrovit"
"0566IH","ferrovit"
"K6GUT3","ferrovit"
"ZK3DRD","ferrovit"
"M37UW4","ferrovit"
"QL4YGQ","ferrovit"
"8RZ7H1","ferrovit"
"DHPFGX","ferrovit"
"IRUDQG","ferrovit"
"R5HFEE","ferrovit"
"P2LQCT","ferrovit"
"7EMHLD","ferrovit"
"U75UDD","ferrovit"
"8I23QO","ferrovit"
"R72T2V","ferrovit"
"E3XWC3","ferrovit"
"CQARNI","ferrovit"
"SEXB2I","ferrovit"
"FY5K07","ferrovit"
"CLOKGN","ferrovit"
"DM909B","ferrovit"
"LE6K3W","ferrovit"
"9POKR9","ferrovit"
"WC7A5T","ferrovit"
"R9KHRI","ferrovit"
"14GBI4","ferrovit"
"P9RTHE","ferrovit"
"0ZG1XV","ferrovit"
"ZH5YJ0","ferrovit"
"YH56MI","ferrovit"
"4I5X08","ferrovit"
"S1IZZD","ferrovit"
"0ENI6E","ferrovit"
"NTOTAV","ferrovit"
"GG1SHW","ferrovit"
"K2UN2N","ferrovit"
"XU0ROJ","ferrovit"
"N2I2RR","ferrovit"
"6WOTSM","ferrovit"
"ZBZ21C","ferrovit"
"HULIQP","ferrovit"
"XQIXPY","ferrovit"
"GTF5W0","ferrovit"
"Q21BU1","ferrovit"
"3407OH","ferrovit"
"5ETNKR","ferrovit"
"LUIX3C","ferrovit"
"SNWVII","ferrovit"
"I7VQBJ","ferrovit"
"ZRNPIN","ferrovit"
"KHZNN9","ferrovit"
"QNPN1L","ferrovit"
"6MVG5A","ferrovit"
"Q7SO37","ferrovit"
"DLD9UB","ferrovit"
"0JJY86","ferrovit"
"QOVRD8","ferrovit"
"A7MR6W","ferrovit"
"25YDGQ","ferrovit"
"8A0K3L","ferrovit"
"RMA7TE","ferrovit"
"G2E0C7","ferrovit"
"UFC8K3","ferrovit"
"YL7MYM","ferrovit"
"Q8OOEE","ferrovit"
"QM7J3N","ferrovit"
"461JJK","ferrovit"
"UKTTO2","ferrovit"
"IAU1NE","ferrovit"
"52XZL1","ferrovit"
"L1HXEZ","ferrovit"
"XTZQ5P","ferrovit"
"2FV8DK","ferrovit"
"M0G10Y","ferrovit"
"FPRNQ0","ferrovit"
"RIUKTW","ferrovit"
"YQN2HD","ferrovit"
"U4KTV8","ferrovit"
"QT5AAU","ferrovit"
"VFMDXR","ferrovit"
"OLZ387","ferrovit"
"JA7VMI","ferrovit"
"2E6MCR","ferrovit"
"COQNMK","ferrovit"
"INP591","ferrovit"
"RE1FLX","ferrovit"
"FOBLVE","ferrovit"
"GMI4QD","ferrovit"
"CN9ITS","ferrovit"
"EJGQOO","ferrovit"
"OM0ZQA","ferrovit"
"5M0KVM","ferrovit"
"8T37AN","ferrovit"
"X8X5K5","ferrovit"
"ITETA2","ferrovit"
"U4KSQ5","ferrovit"
"FNPWDC","ferrovit"
"FEN7ZW","ferrovit"
"0EIWDP","ferrovit"
"X5S9D0","ferrovit"
"JDBSY9","ferrovit"
"5H5FI8","ferrovit"
"OOL445","ferrovit"
"HYYJ4Y","ferrovit"
"V8NMOC","ferrovit"
"H9DWK5","ferrovit"
"QFDXW5","ferrovit"
"HW317W","ferrovit"
"DVKJTP","ferrovit"
"YNAWWD","ferrovit"
"Z9CIG6","ferrovit"
"CBBPQV","ferrovit"
"RWL9ZX","ferrovit"
"G7SM8T","ferrovit"
"UGZ8Z8","ferrovit"
"QZY8E3","ferrovit"
"AKCVQQ","ferrovit"
"GZ63HA","ferrovit"
"V4YCEN","ferrovit"
"NV3SJE","ferrovit"
"52V96F","ferrovit"
"XSBYIR","ferrovit"
"TNW5ZI","ferrovit"
"QTD04K","ferrovit"
"S558I6","ferrovit"
"A1SIE6","ferrovit"
"30U12Q","ferrovit"
"BX49ED","ferrovit"
"GJ1NBU","ferrovit"
"EREQH4","ferrovit"
"V9L6M4","ferrovit"
"UKGGNK","ferrovit"
"N40WGQ","ferrovit"
"U1X2MX","ferrovit"
"3LMJI1","ferrovit"
"H0W1QJ","ferrovit"
"BGCFIX","ferrovit"
"99CX6N","ferrovit"
"XZRJHS","ferrovit"
"N9H7GW","ferrovit"
"I95OWQ","ferrovit"
"Y7X0ON","ferrovit"
"ZZSYV0","ferrovit"
"SEVGQE","ferrovit"
"74OV4N","ferrovit"
"XCF847","ferrovit"
"5ERNKE","ferrovit"
"XTZLQH","ferrovit"
"K6POEF","ferrovit"
"CFE1N6","ferrovit"
"T6W4GC","ferrovit"
"4ZEZ9A","ferrovit"
"VJGPFL","ferrovit"
"1CCZES","ferrovit"
"TDJLB7","ferrovit"
"ZDVAOB","ferrovit"
"DNIZXQ","ferrovit"
"JJ76IL","ferrovit"
"8WRW6M","ferrovit"
"D332B5","ferrovit"
"N81YQU","ferrovit"
"OTM4FJ","ferrovit"
"XWOWNC","ferrovit"
"C13SBH","ferrovit"
"U65S8E","ferrovit"
"HAPC6T","ferrovit"
"TR442B","ferrovit"
"KD503Q","ferrovit"
"8SARQK","ferrovit"
"I2MIJ7","ferrovit"
"AQCC47","ferrovit"
"JCHVED","ferrovit"
"W9UDB0","ferrovit"
"HTWRVE","ferrovit"
"7KLQFM","ferrovit"
"XB2C22","ferrovit"
"2LLZTB","ferrovit"
"MC0XJT","ferrovit"
"N7GLO3","ferrovit"
"V9G5S6","ferrovit"
"YOU0J7","ferrovit"
"F9Z2DO","ferrovit"
"K69GN8","ferrovit"
"W78S8O","ferrovit"
"OODZA4","ferrovit"
"TGB30I","ferrovit"
"KTQEZ4","ferrovit"
"ZPIDXV","ferrovit"
"LC65OU","ferrovit"
"42X604","ferrovit"
"U2UYQ5","ferrovit"
"TIXV20","ferrovit"
"68WE83","ferrovit"
"7SP2BT","ferrovit"
"IR1Z81","ferrovit"
"YGDHHK","ferrovit"
"67J9AA","ferrovit"
"GGCJ2R","ferrovit"
"N831VI","ferrovit"
"MV3I3W","ferrovit"
"HZBA4E","ferrovit"
"VQMMVJ","ferrovit"
"Q16E7H","ferrovit"
"YMSS73","ferrovit"
"4TC7S2","ferrovit"
"J7UQO4","ferrovit"
"YFD5TM","ferrovit"
"YPC9QI","ferrovit"
"LZAVHM","ferrovit"
"SRNYO4","ferrovit"
"RT9ZSQ","ferrovit"
"6KB7BC","ferrovit"
"C82I49","ferrovit"
"XPA196","ferrovit"
"LS5CQL","ferrovit"
"DQ3VSN","ferrovit"
"5J9B1M","ferrovit"
"M7TJZK","ferrovit"
"6OFTRI","ferrovit"
"DE4YXZ","ferrovit"
"EUL27J","ferrovit"
"MU8N93","ferrovit"
"VNJNVF","ferrovit"
"9UVN9T","ferrovit"
"XLLSUR","ferrovit"
"PM4IKM","ferrovit"
"L4BYOQ","ferrovit"
"J6PACK","ferrovit"
"4T1VFB","ferrovit"
"VZC12G","ferrovit"
"EW6IC9","ferrovit"
"WZI33S","ferrovit"
"YQB96S","ferrovit"
"TZ0RSL","ferrovit"
"8U4N53","ferrovit"
"WD5MRL","ferrovit"
"IDTFJU","ferrovit"
"MX479R","ferrovit"
"JA9DGS","ferrovit"
"88HAVU","ferrovit"
"9QXD9F","ferrovit"
"0FXDX7","ferrovit"
"ZREVR9","ferrovit"
"XA6N16","ferrovit"
"EU7RIK","ferrovit"
"Y63N2D","ferrovit"
"HZ73NW","ferrovit"
"5MQXBL","ferrovit"
"V7PH8V","ferrovit"
"G7DLH0","ferrovit"
"GS9WZP","ferrovit"
"6FOJDX","ferrovit"
"M2UXW4","ferrovit"
"BFRCT2","ferrovit"
"P2SDD1","ferrovit"
"1PB42H","ferrovit"
"DCA09B","ferrovit"
"3ZOCTC","ferrovit"
"6597S3","ferrovit"
"3QDQJN","ferrovit"
"3QFD8A","ferrovit"
"Y60HT8","ferrovit"
"FKWPD3","ferrovit"
"L5H1FM","ferrovit"
"USZ5FZ","ferrovit"
"QG3SPO","ferrovit"
"VK5OYQ","ferrovit"
"JELNP1","ferrovit"
"LBZ590","ferrovit"
"KKLQ40","ferrovit"
"GJ926M","ferrovit"
"H9QX80","ferrovit"
"1MCXL4","ferrovit"
"8I4O8E","ferrovit"
"AAZJIM","ferrovit"
"VZDX83","ferrovit"
"OQJAYG","ferrovit"
"OAHGPH","ferrovit"
"D6CIHN","ferrovit"
"7A45JO","ferrovit"
"DWAS7Q","ferrovit"
"XB3VOL","ferrovit"
"AROIL2","ferrovit"
"2BTZ7S","ferrovit"
"JKUNHZ","ferrovit"
"JPBZ9M","ferrovit"
"LUE3JP","ferrovit"
"GW3AJF","ferrovit"
"DUIOI6","ferrovit"
"9R38Q0","ferrovit"
"7DDN5J","ferrovit"
"G9UVUY","ferrovit"
"1QN88S","ferrovit"
"IEE5PD","ferrovit"
"JK1XMQ","ferrovit"
"ISYG6R","ferrovit"
"UQ44C1","ferrovit"
"5CNWRR","ferrovit"
"DFEE2X","ferrovit"
"9CM3ID","ferrovit"
"NEH0HL","ferrovit"
"MW6JER","ferrovit"
"CGV23E","ferrovit"
"ASAKKH","ferrovit"
"RAVEUZ","ferrovit"
"CN0ROR","ferrovit"
"BTO0WZ","ferrovit"
"Z8TM30","ferrovit"
"IVGFNA","ferrovit"
"H2PB6P","ferrovit"
"V0TYFD","ferrovit"
"UHPWVR","ferrovit"
"XK1SEM","ferrovit"
"3E8ZXV","ferrovit"
"X8BQY7","ferrovit"
"OQP08H","ferrovit"
"849WNE","ferrovit"
"WADCG2","ferrovit"
"Q5131O","ferrovit"
"GG68V5","ferrovit"
"AY9LBE","ferrovit"
"9XBTFK","ferrovit"
"2WPVVB","ferrovit"
"GE5Y2T","ferrovit"
"XCW1A6","ferrovit"
"4OAPIM","ferrovit"
"NEKDU3","ferrovit"
"MB6I1X","ferrovit"
"PIPBOJ","ferrovit"
"N9BQ6N","ferrovit"
"4GIA3L","ferrovit"
"NMRE5E","ferrovit"
"QR52U5","ferrovit"
"1K0M0O","ferrovit"
"313DF1","ferrovit"
"2SKIC3","ferrovit"
"GE09FO","ferrovit"
"SHQ0EO","ferrovit"
"T9MZAS","ferrovit"
"J1U78Z","ferrovit"
"8FNTVG","ferrovit"
"6844WU","ferrovit"
"J3NFD8","ferrovit"
"TZH01E","ferrovit"
"Y7174N","ferrovit"
"XTTM40","ferrovit"
"ASZ518","ferrovit"
"EBO9ZV","ferrovit"
"MYUJOS","ferrovit"
"71H3UO","ferrovit"
"EE4B5Y","ferrovit"
"X7IOZ0","ferrovit"
"9513ZZ","ferrovit"
"MUJN92","ferrovit"
"TBLUP9","ferrovit"
"L14YYO","ferrovit"
"KPG4TD","ferrovit"
"EA1X1S","ferrovit"
"YKWJ8O","ferrovit"
"A1TNBJ","ferrovit"
"SSHO9I","ferrovit"
"USJGLM","ferrovit"
"LSSEXR","ferrovit"
"HVQN3P","ferrovit"
"JPBN5J","ferrovit"
"J1EV10","ferrovit"
"OTVY0Q","ferrovit"
"X4IMS4","ferrovit"
"QW9DZ3","ferrovit"
"4MHSGK","ferrovit"
"SZVONG","ferrovit"
"JM1GYF","ferrovit"
"08WB8M","ferrovit"
"5DC262","ferrovit"
"EYS5WR","ferrovit"
"8LDZBF","ferrovit"
"KC64VW","ferrovit"
"20T3RP","ferrovit"
"FAKZXL","ferrovit"
"IWRTMH","ferrovit"
"I69GX1","ferrovit"
"O5JY5I","ferrovit"
"91QDY9","ferrovit"
"AI6IOS","ferrovit"
"WCOAT2","ferrovit"
"BDXLS3","ferrovit"
"K412MS","ferrovit"
"SGGD2A","ferrovit"
"SE3RKQ","ferrovit"
"4EZB6P","ferrovit"
"WOLV27","ferrovit"
"8YL59K","ferrovit"
"1YBUJV","ferrovit"
"K74DJ1","ferrovit"
"HQEQGM","ferrovit"
"P01W4L","ferrovit"
"05QY3D","ferrovit"
"WLQ8EL","ferrovit"
"4QAXCC","ferrovit"
"FNU8GG","ferrovit"
"PURVHN","ferrovit"
"PFZ4EY","ferrovit"
"5O9W3H","ferrovit"
"AIAWYX","ferrovit"
"G5UYM7","ferrovit"
"52FK3S","ferrovit"
"P0PLAA","ferrovit"
"F0OIE5","ferrovit"
"5OVILI","ferrovit"
"E4M4K7","ferrovit"
"0Q0JZX","ferrovit"
"WDW3ZF","ferrovit"
"Y3O8OA","ferrovit"
"MWCUH6","ferrovit"
"PJBTL2","ferrovit"
"UVJD7N","ferrovit"
"I4NZ09","ferrovit"
"44C45N","ferrovit"
"HZRKLL","ferrovit"
"UX011R","ferrovit"
"ZXKV8C","ferrovit"
"CWTQ96","ferrovit"
"UQ4AXF","ferrovit"
"NKRH86","ferrovit"
"P28V7A","ferrovit"
"ZGS12I","ferrovit"
"RWSD0F","ferrovit"
"ITV8FC","ferrovit"
"JLKWP9","ferrovit"
"U9MPVZ","ferrovit"
"GDN66F","ferrovit"
"XMXYAW","ferrovit"
"0RRPJN","ferrovit"
"HVFUIR","ferrovit"
"P3C8LC","ferrovit"
"OH3REX","ferrovit"
"3ITBSG","ferrovit"
"XJM86U","ferrovit"
"F7SC5U","ferrovit"
"5HPSYO","ferrovit"
"2KGFZX","ferrovit"
"1GO8WN","ferrovit"
"SE58BN","ferrovit"
"EZ4POO","ferrovit"
"3GDL3G","ferrovit"
"PXCA49","ferrovit"
"1KDXYU","ferrovit"
"FAKVKJ","ferrovit"
"0DRLNB","ferrovit"
"IFAL7F","ferrovit"
"86G5QL","ferrovit"
"XEK528","ferrovit"
"1QAHQS","ferrovit"
"PPM2AG","ferrovit"
"CO7RL5","ferrovit"
"5LTPEW","ferrovit"
"R62JH1","ferrovit"
"VNX7IL","ferrovit"
"AEBJGU","ferrovit"
"IQ0K24","ferrovit"
"NVMP6F","ferrovit"
"5B8G7C","ferrovit"
"79OO4M","ferrovit"
"K2F258","ferrovit"
"7I9C7V","ferrovit"
"XASPBL","ferrovit"
"34GDWO","ferrovit"
"LB8BI8","ferrovit"
"S8M8VS","ferrovit"
"2QBI2G","ferrovit"
"0DGTO4","ferrovit"
"AES7S2","ferrovit"
"V95R18","ferrovit"
"T9PUQF","ferrovit"
"KVDVD7","ferrovit"
"IIOKN0","ferrovit"
"RZM8A4","ferrovit"
"ERHEAJ","ferrovit"
"ORKRS0","ferrovit"
"C4QU5J","ferrovit"
"B8T8IV","ferrovit"
"TMSBQ0","ferrovit"
"4AOYJD","ferrovit"
"UEX4EM","ferrovit"
"69G4QV","ferrovit"
"L6KHI2","ferrovit"
"H2B9PM","ferrovit"
"PPKI95","ferrovit"
"N6DAES","ferrovit"
"FY4H14","ferrovit"
"YSMRZH","ferrovit"
"QUCG4T","ferrovit"
"3Y5JS7","ferrovit"
"KPJ3OD","ferrovit"
"XP5WYB","ferrovit"
"M3HGXE","ferrovit"
"8SNMDZ","ferrovit"
"P3G5PW","ferrovit"
"SI31YQ","ferrovit"
"UUFDDJ","ferrovit"
"MAN9NL","ferrovit"
"8L4KUL","ferrovit"
"LHPX7K","ferrovit"
"9MWTOD","ferrovit"
"KUA33E","ferrovit"
"HK3AXL","ferrovit"
"KHBO8W","ferrovit"
"WG8FC5","ferrovit"
"EK5JTX","ferrovit"
"SOKQB0","ferrovit"
"0TP4SH","ferrovit"
"HMXTMJ","ferrovit"
"LXIBWF","ferrovit"
"W8J0BC","ferrovit"
"RHROXP","ferrovit"
"IDWZLU","ferrovit"
"EIFZ0R","ferrovit"
"BXA5NB","ferrovit"
"HYBG8Q","ferrovit"
"KXFHRW","ferrovit"
"6RVGG0","ferrovit"
"IB7F2Z","ferrovit"
"3D61SN","ferrovit"
"VAUJ8V","ferrovit"
"3K441U","ferrovit"
"EJTFJ3","ferrovit"
"NWO9LY","ferrovit"
"MGY4RI","ferrovit"
"S8GAQF","ferrovit"
"7CXZUF","ferrovit"
"RLUH1Z","ferrovit"
"3CNDXL","ferrovit"
"RT6HRK","ferrovit"
"QRIVAR","ferrovit"
"D95WVY","ferrovit"
"6ZITJL","ferrovit"
"GEU56Q","ferrovit"
"VZFGO9","enat"
"GJ7IEZ","enat"
"B76V2D","enat"
"IF1701","enat"
"00HS6X","enat"
"O7RQRX","enat"
"TOSBVX","enat"
"MQUFAL","enat"
"0ZITAO","enat"
"9XNZMG","enat"
"HHCTIS","enat"
"AGPCVN","enat"
"VYVECI","enat"
"O3LHRG","enat"
"NH18ZB","enat"
"77O9EN","enat"
"XINJVT","enat"
"MC7K9W","enat"
"OSOS0S","enat"
"YDDQHU","enat"
"BCT90Y","enat"
"NN4Z83","enat"
"FHDTCV","enat"
"VM5IYU","enat"
"3M9D3A","enat"
"RC7SCV","enat"
"O0H3JS","enat"
"CLMXDI","enat"
"YD0COG","enat"
"TKCD86","enat"
"XI8459","enat"
"0R2SKR","enat"
"Q238M0","enat"
"XSYTJ9","enat"
"QPGDCH","enat"
"5XB8O1","enat"
"9NGIYG","enat"
"6W4875","enat"
"KFPX9N","enat"
"BNAR30","enat"
"VK7GDX","enat"
"H0FHVX","enat"
"TS5K6G","enat"
"I71ZIH","enat"
"LWN54V","enat"
"X7Z96L","enat"
"RJFSEQ","enat"
"8T4F4D","enat"
"49FXNQ","enat"
"ZZYBGD","enat"
"LLNJ0B","enat"
"YKDLK7","enat"
"PHONKL","enat"
"C7Q189","enat"
"B9O3IA","enat"
"HVN87W","enat"
"Z7DW5T","enat"
"GRU9C7","enat"
"5KA6DG","enat"
"4QTX5T","enat"
"M2QYN4","enat"
"VKX4NN","enat"
"7N6775","enat"
"AVG1NH","enat"
"BBGIJ7","enat"
"RRBT83","enat"
"XD2I7K","enat"
"6T2JKC","enat"
"QS4MS5","enat"
"F06MOT","enat"
"IPJ6I3","enat"
"Q6K7LJ","enat"
"9U84TT","enat"
"BE7VES","enat"
"RCY5W8","enat"
"31CTIG","enat"
"KZRRAL","enat"
"6ZQ4EH","enat"
"Y4DWWQ","enat"
"SFRSJA","enat"
"H36I71","enat"
"1STP3U","enat"
"NL0HXC","enat"
"JQ7FPA","enat"
"RPJS9X","enat"
"M9YZDY","enat"
"CB82OQ","enat"
"KTP6Y0","enat"
"V6ANTG","enat"
"OTY0OI","enat"
"554YAB","enat"
"MQH0JC","enat"
"2MBESJ","enat"
"WG6KDA","enat"
"INBVFH","enat"
"A2KBSD","enat"
"SJCE5M","enat"
"H3DVB5","enat"
"PQ5GZO","enat"
"DU93PQ","enat"
"GR1S3Z","enat"
"IAL15F","enat"
"JVJOP1","enat"
"YKMPQ1","enat"
"037UOI","enat"
"7ZPWSR","enat"
"4OMMQ1","enat"
"ODEPFS","enat"
"LX0AEH","enat"
"DILBKT","enat"
"XQF339","enat"
"NMOHLB","enat"
"B9ARQW","enat"
"0KA63M","enat"
"6P7MDM","enat"
"7NZOLD","enat"
"6P9E1R","enat"
"DHMR3L","enat"
"PHTZ89","enat"
"37LWLW","enat"
"4WF67C","enat"
"E4343P","enat"
"5B9CVH","enat"
"ZUQTRV","enat"
"9DR44A","enat"
"5E36EM","enat"
"A46072","enat"
"G1AWX4","enat"
"QPJQ1T","enat"
"8OC5ZL","enat"
"6CLZ9R","enat"
"7Q3C88","enat"
"RF8EQ1","enat"
"JOMIHE","enat"
"SEDUGD","enat"
"MT355U","enat"
"6OM170","enat"
"M4JEJ6","enat"
"UBYND6","enat"
"UUG927","enat"
"UJV0WI","enat"
"FP35WU","enat"
"VTUHEY","enat"
"N29ROG","enat"
"BUOC4S","enat"
"H42MMZ","enat"
"PAPMXO","enat"
"21E3ZX","enat"
"PEBW85","enat"
"RISQER","enat"
"WHLZOO","enat"
"8M4FX1","enat"
"JCDBPP","enat"
"L29P5L","enat"
"2MWYBH","enat"
"MUSEM9","enat"
"BJKFIF","enat"
"E8JZ7N","enat"
"OO50WE","enat"
"7VER79","enat"
"9NQF90","enat"
"7BJFYH","enat"
"0NT235","enat"
"R40AP0","enat"
"6ES1FM","enat"
"DSK9F4","enat"
"HZX26R","enat"
"2DF7W2","enat"
"FCU7XA","enat"
"PYVD6O","enat"
"TGANOI","enat"
"7M2RVN","enat"
"6GDWOP","enat"
"BACEDR","enat"
"IWDTGA","enat"
"PI5PSO","enat"
"GF1DV6","enat"
"GS3OBJ","enat"
"ZCCB0Y","enat"
"0PKRR0","enat"
"RWYNVT","enat"
"VR2IOJ","enat"
"W3X977","enat"
"QRSRA9","enat"
"K5EJSD","enat"
"WSJKP5","enat"
"VXGIKB","enat"
"59KM8B","enat"
"M7DFCC","enat"
"2CQKD6","enat"
"OUDNPP","enat"
"V3PYEW","enat"
"IB6ZGT","enat"
"NLVL9U","enat"
"JTLLAJ","enat"
"QGB93J","enat"
"Y8XGBA","enat"
"MVMPSP","enat"
"0XD9EI","enat"
"LD94U0","enat"
"WMQENA","enat"
"BDSPVJ","enat"
"V9NEFQ","enat"
"EL87RN","enat"
"8FA36W","enat"
"I41JXP","enat"
"H519J6","enat"
"36UNTJ","enat"
"6NO5CY","enat"
"WBQ6PO","enat"
"0J0M78","enat"
"CLPM0G","enat"
"6G3VNO","enat"
"NXG6RX","enat"
"2LWFZG","enat"
"QU3VBA","enat"
"4ZY1SJ","enat"
"T1JZYX","enat"
"MA59IF","enat"
"I23LT0","enat"
"6FPMNZ","enat"
"WXI0O1","enat"
"XFJJML","enat"
"3ZI718","enat"
"KZWWPG","enat"
"CUCCHS","enat"
"RONS9I","enat"
"7AAOG2","enat"
"NP11K2","enat"
"GA6VJP","enat"
"KKKFA6","enat"
"MIESCL","enat"
"M64BRW","enat"
"VNOJKW","enat"
"5YR281","enat"
"7PMSML","enat"
"CI4881","enat"
"IIYZYQ","enat"
"A4VHGT","enat"
"36ZL0G","enat"
"TAR2SP","enat"
"219IW4","enat"
"ZUB7MK","enat"
"HDGBNU","enat"
"MKETV3","enat"
"ALIKYB","enat"
"PX6L8R","enat"
"V5ZBC4","enat"
"DW8IB1","enat"
"WECN8R","enat"
"6LF6MQ","enat"
"TI579V","enat"
"QJ8F1M","enat"
"JYHDVE","enat"
"O3E4CQ","enat"
"AKNCDJ","enat"
"UVQE2G","enat"
"CZSUUZ","enat"
"0QN948","enat"
"M2HZP2","enat"
"6T92LB","enat"
"T48SVV","enat"
"DRA50M","enat"
"I8G8E3","enat"
"HXBRUD","enat"
"DYZS8M","enat"
"U4N1XG","enat"
"6VDA5P","enat"
"9YM4SR","enat"
"92B7W3","enat"
"DN1PQZ","enat"
"8AY84B","enat"
"J6J9N0","enat"
"FMXOSH","enat"
"MBOEZV","enat"
"S5649Z","enat"
"4BYJT6","enat"
"V2GTO0","enat"
"RYXH49","enat"
"H64RVE","enat"
"06YISD","enat"
"HJJABY","enat"
"ZQM1C3","enat"
"SQ617X","enat"
"4EVUD1","enat"
"75MYVC","enat"
"XBBFX4","enat"
"9RAJBC","enat"
"GNY45W","enat"
"NM576J","enat"
"JSHH7A","enat"
"C87YT9","enat"
"XRP8N6","enat"
"ZKKYWC","enat"
"Q8IH77","enat"
"XUNWSL","enat"
"FSULZ4","enat"
"TG5929","enat"
"G5BTRQ","enat"
"S6RKT0","enat"
"WH5P14","enat"
"DOK4J3","enat"
"RJWM60","enat"
"XDJVMU","enat"
"EVL39A","enat"
"GI9FTO","enat"
"LP5QS3","enat"
"83R3BW","enat"
"MRRGTI","enat"
"FNT6B7","enat"
"SPLKCM","enat"
"E0BHFH","enat"
"P6YFUH","enat"
"QGE0V3","enat"
"5VHXIR","enat"
"C3UT3L","enat"
"FXUHX8","enat"
"PKDXYX","enat"
"9CCZX0","enat"
"KE749B","enat"
"4IWFHF","enat"
"P7JJ02","enat"
"XTR050","enat"
"FJDDT6","enat"
"NHUYJT","enat"
"0W6841","enat"
"M3G9TT","enat"
"QXUIDO","enat"
"K91LTB","enat"
"DBWD5T","enat"
"VX52MX","enat"
"J9VSO7","enat"
"VTD0UL","enat"
"5G7C8U","enat"
"PKMT6T","enat"
"W4X69O","enat"
"BA3HFU","enat"
"1S5S0C","enat"
"WRLFWN","enat"
"MLZHEN","enat"
"LYOIKS","enat"
"E5H6OC","enat"
"FCPAYB","enat"
"ARYIEI","enat"
"2P4MOB","enat"
"3WDAZQ","enat"
"Q30OCH","enat"
"L964MU","enat"
"C4JVMN","enat"
"6XOYV2","enat"
"80LW8V","enat"
"5NXS2E","enat"
"6351RK","enat"
"3ERQZH","enat"
"Z06ELI","enat"
"0F7HY1","enat"
"29QMC2","enat"
"HOCP9L","enat"
"3WUA7B","enat"
"LW2QP0","enat"
"UWXN3R","enat"
"8M4TCL","enat"
"HQS05X","enat"
"ZGQXLL","enat"
"K9V752","enat"
"WML6J9","enat"
"0QAMK0","enat"
"FXVG2L","enat"
"OCMU8S","enat"
"2IH6BL","enat"
"J3TD8R","enat"
"8MZB05","enat"
"NUJ2UA","enat"
"6KTX85","enat"
"PX1T6L","enat"
"SQ248J","enat"
"4JKA5P","enat"
"4DEF60","enat"
"U4UV1E","enat"
"QU15KV","enat"
"ZTYKL2","enat"
"3K3VNK","enat"
"X7B57Z","enat"
"NQHQCQ","enat"
"78AOMU","enat"
"9LVLVK","enat"
"B0AHZ4","enat"
"QG8K19","enat"
"A2XFV7","enat"
"8029OT","enat"
"1W5P8N","enat"
"N466P2","enat"
"B5DH23","enat"
"8QR8II","enat"
"RW2UHF","enat"
"EDT545","enat"
"04PGYR","enat"
"261T3O","enat"
"R82I2N","enat"
"D8ZC2X","enat"
"UH4SWR","enat"
"JZHUHL","enat"
"S0TI1A","enat"
"ER84I1","enat"
"JJR1LT","enat"
"WW1K4Y","enat"
"J5ZI83","enat"
"6CUXJ2","enat"
"1G5AMF","enat"
"Y98SWT","enat"
"GBPB1Y","enat"
"ZEASVN","enat"
"JX9R2I","enat"
"VGCSXY","enat"
"U1U5VC","enat"
"NV7KIU","enat"
"514ERI","enat"
"7AYF4M","enat"
"TM8Q0B","enat"
"S23AOF","enat"
"18RMCO","enat"
"CYJRR2","enat"
"5G72A5","enat"
"8HED29","enat"
"AUPOBU","enat"
"CUTIRJ","enat"
"UH3R65","enat"
"GEUZ82","enat"
"UBQVA4","enat"
"GIA8AW","enat"
"IG98Z2","enat"
"8QVJMH","enat"
"1W216U","enat"
"6RABAG","enat"
"ZOOEM1","enat"
"1PXVZ3","enat"
"BBIGI6","enat"
"1NKE4X","enat"
"IFIBBU","enat"
"T0VRB0","enat"
"DGQJME","enat"
"YJ0ONT","enat"
"47DXC0","enat"
"TLMZSH","enat"
"KD0366","enat"
"45H5JA","enat"
"U6L50B","enat"
"LULMFU","enat"
"NYXDD0","enat"
"W1GHL6","enat"
"2Q9P9Y","enat"
"03G0SH","enat"
"NFB1YN","enat"
"7UOB66","enat"
"EVGB9K","enat"
"I7KYS3","enat"
"4FCBRF","enat"
"SEKWNI","enat"
"9E65U6","enat"
"INR09C","enat"
"PJ1CKB","enat"
"VEHRBS","enat"
"5R0L8C","enat"
"DLJJY4","enat"
"GDE88C","enat"
"ISL0W2","enat"
"0I60RD","enat"
"BKICEU","enat"
"PAAWEB","enat"
"LB3YBT","enat"
"59BNLU","enat"
"U4VOJY","enat"
"MWJE5K","enat"
"ONAOV7","enat"
"KFGUY8","enat"
"TIOEMY","enat"
"03NMUZ","enat"
"E9ZNNX","enat"
"GX0K69","enat"
"E5VJY1","enat"
"2FTOGO","enat"
"GXAKYC","enat"
"NTVBNH","enat"
"C9JTKI","enat"
"TJEK9K","enat"
"AO5J2D","enat"
"0LHPWB","enat"
"4MR3VA","enat"
"VR2099","enat"
"U075RE","enat"
"XTXM99","enat"
"VJIZHR","enat"
"J2BGQC","enat"
"S1RGIB","enat"
"GNVQPG","enat"
"5GRY3G","enat"
"7OQNB2","enat"
"ZK7ZGT","enat"
"78W0V9","enat"
"G1UCPM","enat"
"T9KIM3","enat"
"QC6DZT","enat"
"KXWLPG","enat"
"2SU07B","enat"
"P4AADJ","enat"
"2T8QKK","enat"
"11GO45","enat"
"F59FT5","enat"
"F60JDH","enat"
"QM4N5K","enat"
"3Q8LP4","enat"
"Y8ONBZ","enat"
"JBKC9A","enat"
"VXYNJB","enat"
"4XGE7P","enat"
"0Q39H7","enat"
"6QPSLT","enat"
"DZVDDG","enat"
"SEMVWN","enat"
"J2YQQ0","enat"
"9KH59U","enat"
"NDSUAV","enat"
"HQHXQI","enat"
"XVN0PS","enat"
"7AV9PF","enat"
"RPW1OF","enat"
"EFD6TZ","enat"
"T2MOM7","enat"
"13UND0","enat"
"A1HQAY","enat"
"7VXPOX","enat"
"UUCG70","enat"
"WV2021","enat"
"D775F1","enat"
"NA1W8D","enat"
"ZMSNDM","enat"
"1ILNB4","enat"
"QXN5MX","enat"
"BSRPN5","enat"
"XBP6AQ","enat"
"A8XQK3","enat"
"TEEU4E","enat"
"BJLHMV","enat"
"1Q7T50","enat"
"2HSTEI","enat"
"MZ0PER","enat"
"KQVVMZ","enat"
"D8CPQ8","enat"
"IDAP2E","enat"
"PAG7X8","enat"
"SYZSE3","enat"
"LYC0WH","enat"
"AW4QCH","enat"
"3L9IXE","enat"
"F2126H","enat"
"FJPZ3J","enat"
"CW87OF","enat"
"BLV34O","enat"
"68FGJP","enat"
"P859SU","enat"
"P26BSC","enat"
"27SSQZ","enat"
"8M20TQ","enat"
"Q2N9ZQ","enat"
"ADJ8WV","enat"
"NMROQ5","enat"
"M4UR5K","enat"
"QF63TL","enat"
"CQVUNE","enat"
"G4G3J7","enat"
"DRNAVO","enat"
"MYNVUA","enat"
"YQBZYG","enat"
"YNKEVJ","enat"
"NW22BD","enat"
"9FSBOQ","enat"
"IRAO8O","enat"
"64KSW6","enat"
"H6LW8I","enat"
"K7NRKA","enat"
"1VE9Y1","enat"
"2R5FIZ","enat"
"T8G7ZC","enat"
"V9PA48","enat"
"RJI79F","enat"
"XK8GZF","enat"
"1OF52P","enat"
"5QNSHK","enat"
"PKQPTU","enat"
"3ZFFDA","enat"
"DPCHLF","enat"
"WZ27K6","enat"
"CRCE4J","enat"
"B0EGBA","enat"
"J52GCP","enat"
"GVPFHL","enat"
"D2A6ZE","enat"
"FJ017B","enat"
"5PUNZ3","enat"
"0CMXPN","enat"
"INX9MC","enat"
"3XNRCB","enat"
"OFWG8W","enat"
"B5ZJRJ","enat"
"1YII00","enat"
"7S8JO7","enat"
"6B40LI","enat"
"GZHKB7","enat"
"U5MXRL","enat"
"AE5VBO","enat"
"RGU0ME","enat"
"GNE1XM","enat"
"5RXFAF","enat"
"L69KVI","enat"
"AMPRKX","enat"
"AI5SAI","enat"
"CMFGXS","enat"
"18L74J","enat"
"LRY20V","enat"
"KKVUEZ","enat"
"5JQ1FA","enat"
"C3DR0E","enat"
"HCFH3C","enat"
"YZ4ESQ","enat"
"GAGG3T","enat"
"WUTFME","enat"
"24KPHK","enat"
"7WSKN0","enat"
"03YH2T","enat"
"ZMLI3Z","enat"
"99130Z","enat"
"6JHNCM","enat"
"2AQ70D","enat"
"XKZZFE","enat"
"92VC69","enat"
"E1P8BC","enat"
"AM3INJ","enat"
"YZSCWW","enat"
"PMKG8K","enat"
"SPGFMG","enat"
"06II2U","enat"
"WJY9ZX","enat"
"NAKYHE","enat"
"0DCL71","enat"
"25X3IQ","enat"
"NMH5YC","enat"
"3G0ZQ3","enat"
"70AHKI","enat"
"WDIA95","enat"
"GHDY86","enat"
"0TLS29","enat"
"U9R0V1","enat"
"3LXCBW","enat"
"3PJYZM","enat"
"Z3J076","enat"
"GFO62N","enat"
"DRFE69","enat"
"IKP1AK","enat"
"76VP1P","enat"
"TBFHZM","enat"
"3C78ZI","enat"
"N3C5G6","enat"
"RDKHIF","enat"
"5XLGK8","enat"
"2641BW","enat"
"FZHLH8","enat"
"JD9Y2E","enat"
"H1OMV8","enat"
"Q1M08R","enat"
"L7YKTQ","enat"
"ROSIJE","enat"
"NFM3DF","enat"
"QONKPF","enat"
"UL5FHN","enat"
"O4X4C6","enat"
"LZ2BRM","enat"
"CPIOKI","enat"
"CQ6HJR","enat"
"ZMVSM8","enat"
"10NF3G","enat"
"6JHUY2","enat"
"IIKDWO","enat"
"QKKFWD","enat"
"09WVB8","enat"
"EHZ73H","enat"
"OHOQJX","enat"
"GY1946","enat"
"OATRXQ","enat"
"7GVYSJ","enat"
"4NH7HF","enat"
"3DT4EN","enat"
"W5S8GB","enat"
"ZYEG29","enat"
"BAJEVL","enat"
"O0HIBR","enat"
"8ABYR3","enat"
"G83YU7","enat"
"M4ACS6","enat"
"M4YZ4X","enat"
"P9KGBD","enat"
"P71NTO","enat"
"G1H19R","enat"
"TQ4AJ9","enat"
"SDJUNZ","enat"
"KDO0TE","enat"
"GRR6BZ","enat"
"9XKAYW","enat"
"BSYTVJ","enat"
"DJW01T","enat"
"2313HS","enat"
"OZL3K5","enat"
"YVWG7J","enat"
"MW48PW","enat"
"OAE7IK","enat"
"2WEAZI","enat"
"ACTAJS","enat"
"52G9X6","enat"
"IDGOR3","enat"
"G40NIZ","enat"
"M0KXEG","enat"
"IJ4P54","enat"
"UBZQ0M","enat"
"K014XQ","enat"
"76AQVJ","enat"
"C6K6IW","enat"
"LX0WCS","enat"
"KILRIP","enat"
"B2RPEV","enat"
"OSLLFO","enat"
"2KQCQR","enat"
"E4WRC6","enat"
"FPO5L4","enat"
"HRDARU","enat"
"RECC6S","enat"
"RDGDRB","enat"
"FQWWBZ","enat"
"0TUI6Z","enat"
"02QYMY","enat"
"HNHCDO","enat"
"IXR4JG","enat"
"ZQETB7","enat"
"IBVBK4","enat"
"TH06QL","enat"
"ABT9HD","enat"
"RTT0VO","enat"
"O8AMJ8","enat"
"HFCWDD","enat"
"9PO51B","enat"
"IKVPRG","enat"
"ZJBN8O","enat"
"9BWOG2","enat"
"04NMHN","enat"
"I5MT5Y","enat"
"3J3L7L","enat"
"8NEKAM","enat"
"WESV2U","enat"
"9X15ZN","enat"
"I7BDDS","enat"
"TCGHQL","enat"
"HOOI2Q","enat"
"GZJBZF","enat"
"35RTCK","enat"
"GD6PKV","enat"
"HG1NTO","enat"
"PQ6GXJ","enat"
"ZOMC5H","enat"
"MWW3KZ","enat"
"6R09LM","enat"
"XJHF98","enat"
"EP1DUZ","enat"
"IR8KII","enat"
"F9P1EB","enat"
"KB7S93","enat"
"OHN1VW","enat"
"TG4Z31","enat"
"LW7WS5","enat"
"3UITW3","enat"
"DK1FGX","enat"
"DVZUUJ","enat"
"TMSIJ0","enat"
"71NLH7","enat"
"051FQ5","enat"
"V3RHUA","enat"
"I5YW8W","enat"
"WUL7CE","enat"
"J8G727","enat"
"IFMW6Z","enat"
"7GJ542","enat"
"GQ54EE","enat"
"2F2F6Q","enat"
"YDP0I5","enat"
"U9QLOX","enat"
"3LHQIY","enat"
"4LBZBH","enat"
"DDXB9P","enat"
"B1MPWZ","enat"
"G81IG0","enat"
"SCZAOV","enat"
"HJ5PDN","enat"
"9A5MR3","enat"
"CCOWMH","enat"
"AEG7VJ","enat"
"86CKW8","enat"
"Y5YMI8","enat"
"89RK15","enat"
"8JB453","enat"
"CHUEJF","enat"
"T4C2IU","enat"
"KBGE2L","enat"
"1782GA","enat"
"TRP403","enat"
"GR2GAD","enat"
"WLWVWN","enat"
"25VNSD","enat"
"XJ9E1P","enat"
"M13K9G","enat"
"NVNNOU","enat"
"MA995M","enat"
"S1PL2V","enat"
"TTIFZ7","enat"
"RUSP5J","enat"
"Q52VFK","enat"
"C6397D","enat"
"MI2399","enat"
"8JHHYW","enat"
"41EQ2Q","enat"
"HHAZX3","enat"
"V04H12","enat"
"A5GY40","enat"
"P4I29G","enat"
"AVO7VI","enat"
"YZZFQK","enat"
"Y2YY89","enat"
"Z3ZS1L","enat"
"3K18MC","enat"
"6PPEG1","enat"
"3WFBH2","enat"
"TE3FMN","enat"
"LNMH5D","enat"
"WDESWA","enat"
"STAZZF","enat"
"5VT3RW","enat"
"BNDDAK","enat"
"WVMDND","enat"
"ECAGMX","enat"
"Z3C6JM","enat"
"93ADY8","enat"
"K2NT5V","enat"
"9TL5WR","enat"
"O2NDH9","enat"
"2238W7","enat"
"9CCSAE","enat"
"HE9CXC","enat"
"H2YOMF","enat"
"SO1K8K","enat"
"FZO5VR","enat"
"OJU0YD","enat"
"I149WZ","enat"
"TJ403B","enat"
"I6WANC","enat"
"K6HQNQ","enat"
"LVFK4F","enat"
"63QFHB","enat"
"GOSTC0","enat"
"MF647K","enat"
"LP68Q3","enat"
"FAH0RD","enat"
"FFXNUI","enat"
"R7LCZI","enat"
"YE67AV","enat"
"K4NU7A","enat"
"KG4KBY","enat"
"RM4ZH0","enat"
"J45DB1","enat"
"I3PI00","enat"
"ARZC75","enat"
"E4VSRZ","enat"
"BYP4GR","enat"
"LVVOO0","enat"
"L2K250","enat"
"52MYWU","enat"
"D47SY4","enat"
"GXFX9G","enat"
"WQIWTR","enat"
"XOU4TZ","enat"
"EG70BB","enat"
"XL6M4D","enat"
"D1YN3A","enat"
"NNRFFC","enat"
"GDCK44","enat"
"XQ8QQV","enat"
"N45UBC","enat"
"82B4V9","enat"
"K7ELYG","enat"
"LNMYJY","enat"
"IS2Y39","enat"
"XYYLQI","enat"
"6KESEV","enat"
"SIKGQY","enat"
"JLKCBE","enat"
"3TU8WW","enat"
"VEUDU9","enat"
"YJBM9B","enat"
"C82GIV","enat"
"KG1H50","enat"
"56WW7O","enat"
"BH91GO","enat"
"EI4ZJU","enat"
"VL68KL","enat"
"92G0BD","enat"
"FI6TH9","enat"
"LT9E7N","enat"
"KEHCLI","enat"
"BCNET8","enat"
"6I0VS7","enat"
"O9S4MY","enat"
"WEOHGJ","enat"
"NO33Z3","enat"
"O27KUT","enat"
"OH9HWO","enat"
"TCN4XR","enat"
"0QKQW5","enat"
"73SO80","enat"
"PTGHR6","enat"
"0Y7ARQ","enat"
"0BVNJZ","enat"
"X4YVTB","enat"
"17IHO7","enat"
"ZXJUHR","enat"
"VCDEH5","enat"
"AEN7Q3","enat"
"CQWJCJ","enat"
"M90QN2","enat"
"2L9ZN1","enat"
"YQ34VT","enat"
"HTJ6W4","enat"
"TZ6KWK","enat"
"9KYOM6","enat"
"2R2XJZ","enat"
"ZI0D6J","enat"
"NSPVCF","enat"
"PNYNVJ","enat"
"0GD6FO","enat"
"K4EV4U","enat"
"C1HMBM","enat"
"46JOYN","enat"
"N332Z2","enat"
"JOGH4B","enat"
"0Z0ZGQ","enat"
"ZZBHBC","enat"
"AZ6O3Z","enat"
"RF7I5W","enat"
"RQQD03","enat"
"2H9SGF","enat"
"LD4C4E","enat"
"2WOJLI","enat"
"2Z1CVQ","enat"
"YJPZ66","enat"
"GOVRDX","enat"
"2VEMQM","enat"
"OF0PN2","enat"
"H3U3NE","enat"
"1Q8AGU","enat"
"219OTG","enat"
"FCUD69","enat"
"NB674K","enat"
"9849KE","enat"
"OUSZG9","enat"
"0WG66D","enat"
"OJ7ZLQ","enat"
"UVLFAE","enat"
"FACVKT","enat"
"EQSVKB","enat"
"UCO0XG","enat"
"DQCHCA","enat"
"VFTYU3","enat"
"CAANE6","enat"
"E8S1SO","enat"
"680FHF","enat"
"XOWHOH","enat"
"RIE6V6","enat"
"UE6SXC","enat"
"S2CUCE","enat"
"QCHSNR","enat"
"77P48L","enat"
"QZVS2M","enat"
"5ZI5ZN","enat"
"73CGTP","enat"
"DLKC78","enat"
"JTDTLC","enat"
"Y23NFI","enat"
"XHDGAU","enat"
"IMW3QV","enat"
"BY5I2S","enat"
"DRQ9MD","enat"
"RU3M3J","enat"
"6HX4SV","enat"
"DU0A7F","enat"
"FR1OMH","enat"
"7EA20Z","enat"